{
  "hash": "7132e391",
  "configHash": "d752832d",
  "lockfileHash": "cb1cc4a4",
  "browserHash": "55911fb1",
  "optimized": {
    "@angular/core": {
      "src": "../../../../../node_modules/@angular/core/fesm2022/core.mjs",
      "file": "@angular_core.js",
      "fileHash": "280f4446",
      "needsInterop": false
    },
    "@angular/platform-browser": {
      "src": "../../../../../node_modules/@angular/platform-browser/fesm2022/platform-browser.mjs",
      "file": "@angular_platform-browser.js",
      "fileHash": "47b38fbf",
      "needsInterop": false
    },
    "@angular/router": {
      "src": "../../../../../node_modules/@angular/router/fesm2022/router.mjs",
      "file": "@angular_router.js",
      "fileHash": "4b0bd648",
      "needsInterop": false
    }
  },
  "chunks": {
    "chunk-ISOS2PAI": {
      "file": "chunk-ISOS2PAI.js"
    },
    "chunk-YW2JQ5US": {
      "file": "chunk-YW2JQ5US.js"
    }
  }
}